text,context,label
"I missed my deadline today.","Too many distractions.","Negative"
"My boss appreciated my effort.","Finally got recognition!","Positive"
"Studied all night for the exam.","Hoping for a good grade.","Neutral"
"Got a promotion at work!","Hard work pays off.","Positive"
"I forgot my project at home.","So frustrated right now.","Negative"
"Completed all my tasks early.","Time to relax.","Positive"
"My professor gave great feedback.","Feeling motivated.","Positive"
"Struggling to focus today.","Just not my day.","Negative"
"Worked overtime again.","Exhausted but necessary.","Negative"
"Group project went smoothly.","Great teamwork.","Positive"
"Had to redo my entire report.","Lost all my progress.","Negative"
"Finally understood the concept.","Studying paid off.","Positive"
"My laptop crashed mid-assignment.","Lost everything!","Negative"
"Got a compliment from a coworker.","Made my day.","Positive"
"Had a productive study session.","Feeling accomplished.","Positive"
"Rejected from the internship.","Need to improve.","Negative"
"Public speaking went well.","Surprisingly confident.","Positive"
"Missed an important meeting.","Totally forgot about it.","Negative"
"Helped a friend with their project.","Glad to support.","Positive"
"Finals week is overwhelming.","Need more time.","Negative"
"Couldn't focus in class today.","Too many thoughts.","Negative"
"My team won the hackathon!","Months of effort paid off.","Positive"
"Had a tough conversation with my manager.","Hope things improve.","Neutral"
"Forgot to submit my assignment.","Missed the deadline.","Negative"
"Finished reading a research paper.","Gained new insights.","Positive"
"Got my first paycheck!","Hard work rewarded.","Positive"
"Struggled with coding today.","Bugs everywhere.","Negative"
"My colleague supported my idea.","Felt valued.","Positive"
"Didn't understand today's lecture.","Confusing topic.","Negative"
"Had a great brainstorming session.","Ideas were flowing.","Positive"
"My internet went out during class.","Missed everything.","Negative"
"Helped my classmate with homework.","Feels good to assist.","Positive"
"Got constructive criticism from my professor.","Helpful feedback.","Neutral"
"Pulled an all-nighter again.","Exams are tough.","Negative"
"My research got accepted in a journal!","A huge achievement.","Positive"
"Missed my morning meeting.","Slept through the alarm.","Negative"
"Started a new online course.","Excited to learn!","Positive"
"Team presentation went terribly.","We weren’t prepared.","Negative"
"Got a scholarship for my studies.","Hard work paid off!","Positive"
"Had a long day at work.","Completely drained.","Negative"
"Presented my project confidently.","No nervousness at all.","Positive"
"Accidentally deleted my report.","Had no backup.","Negative"
"Got an A on my final exam!","Hard work paid off.","Positive"
"My coworker took credit for my idea.","Frustrated and disappointed.","Negative"
"Finished all my assignments on time.","Feels satisfying.","Positive"
"Got rejected from another job.","Feeling hopeless.","Negative"
"Had a great discussion with my professor.","Learned a lot.","Positive"
"My internet was slow during an important call.","Really frustrating.","Negative"
"Helped organize a charity event.","Proud of the impact.","Positive"
"Forgot to bring my notes to class.","Felt unprepared.","Negative"
"Received an unexpected bonus.","What a great surprise!","Positive"
"Missed my bus and was late to work.","Not a great start.","Negative"
"Started learning a new programming language.","Excited for the challenge.","Positive"
"Had to work late again.","So exhausted.","Negative"
"My mentor gave me great career advice.","Really helpful guidance.","Positive"
"Accidentally sent an unfinished email to my manager.","Embarrassing mistake.","Negative"
"Got selected for a leadership program.","Honored and excited!","Positive"
"My team didn't meet the deadline.","Feeling responsible.","Negative"
"Published my first research article.","Huge milestone!","Positive"
"Finals week is finally over.","What a relief.","Neutral"
"Had a productive morning at work.","Got so much done!","Positive"
"Lost my notebook with all my notes.","Now I have to redo everything.","Negative"
"Got accepted into my dream university!","Still can’t believe it.","Positive"
"My professor didn’t like my project.","Feeling discouraged.","Negative"
"Finished a difficult coding challenge.","Took me hours but worth it.","Positive"
"Had a misunderstanding with my boss.","Hope we can resolve it.","Neutral"
"My coworker didn’t do their part of the project.","Now I have extra work.","Negative"
"Helped a junior colleague with their assignment.","Happy to support.","Positive"
"Forgot my presentation at home.","Had to improvise.","Negative"
"Finally completed my thesis!","What a relief.","Positive"
"Had a terrible internet connection during my exam.","So frustrating.","Negative"
"My article got featured in a well-known journal.","Feeling accomplished.","Positive"
"Struggled to concentrate during my lecture.","Mind was elsewhere.","Negative"
"My teammates appreciated my leadership.","Nice to be recognized.","Positive"
"Spilled coffee on my laptop.","Now it won’t turn on.","Negative"
"Received an award for academic excellence.","Didn’t expect it!","Positive"
"My boss assigned me an unrealistic deadline.","Feeling overwhelmed.","Negative"
"Finally understood a tough math concept.","Feels amazing!","Positive"
"My classmate ignored my ideas in a group discussion.","Felt unheard.","Negative"
"Finished grading all my students' assignments.","Took hours but done!","Neutral"
"Had a great one-on-one with my manager.","Feeling valued.","Positive"
"My work got rejected again.","Need to improve.","Negative"
"Completed my first freelance project.","Excited for more!","Positive"
"Forgot to save my work before my laptop crashed.","Lost everything.","Negative"
"Finally finished my research paper.","Such a relief.","Positive"
"My colleague interrupted me during a meeting.","Felt disrespected.","Negative"
"Started a new project with an amazing team.","Looking forward to it!","Positive"
"Had to stay up all night fixing a bug.","Completely exhausted.","Negative"
"My teacher praised my creativity.","That made my day.","Positive"
"Couldn't find my exam hall on time.","Started late and panicked.","Negative"
"Finished a big task ahead of schedule.","Feels great!","Positive"
"My internship application got rejected.","Feeling discouraged.","Negative"
"Attended an inspiring career seminar.","Learned a lot.","Positive"
"My group members didn’t contribute at all.","Had to do everything myself.","Negative"
"Received my first work promotion!","Years of effort paid off.","Positive"
"Had a bad headache during my final exam.","Couldn’t focus well.","Negative"
"My research proposal got approved.","Excited to start!","Positive"
"My professor didn’t respond to my emails.","Left me uncertain.","Negative"
"Finally organized all my notes.","Now everything is in order.","Positive"
"My workload doubled this week.","Struggling to keep up.","Negative"
"Received a promotion at work.","Busy day but got things done.","Positive"
"Completed my toughest assignment.","Feeling neutral about it.","Positive"
"Got recognized for my efforts.","Keeping things steady.","Positive"
"My mentor praised my work.","Trying to stay positive.","Positive"
"Successfully defended my thesis.","Nothing special happened.","Positive"
"Achieved my monthly sales target.","Could have been worse.","Positive"
"Solved a difficult programming problem.","Just moving forward.","Positive"
"Passed my certification exam!","Keeping up with my routine.","Positive"
"Landed my dream internship.","Still thinking about it.","Positive"
"Finished writing a book chapter.","It was an average day.","Positive"
"Helped a colleague solve an issue.","Not bad, not great.","Positive"
"Hosted a successful webinar.","Just another experience.","Positive"
"Won an award for my research.","Staying focused on my goals.","Positive"
"Students appreciated my teaching.","Not sure what to expect next.","Positive"
"Got an offer from a top company.","Taking things as they come.","Positive"
"Delivered a great presentation.","Trying to stay balanced.","Positive"
"Published my first academic paper.","Looking forward to tomorrow.","Positive"
"Improved my coding skills.","Hope things improve.","Positive"
"Overcame my public speaking fear.","Feeling neutral about it.","Positive"
"Received positive feedback from clients.","Busy day but got things done.","Positive"
"Missed an important deadline.","Hope things improve.","Negative"
"Had an argument with my boss.","Feeling neutral about it.","Negative"
"Failed my final exam.","Not sure how I feel.","Negative"
"Lost all my project files.","It was just another day.","Negative"
"Got rejected from another job.","Keeping things steady.","Negative"
"Couldn’t meet the project deadline.","Trying to stay positive.","Negative"
"Had a stressful meeting today.","Nothing special happened.","Negative"
"Spilled coffee on my laptop.","Could have been worse.","Negative"
"My code kept failing all day.","Just moving forward.","Negative"
"Didn’t get the scholarship I applied for.","Keeping up with my routine.","Negative"
"Team ignored my contributions.","Still thinking about it.","Negative"
"Woke up late and missed my exam.","It was an average day.","Negative"
"Had a terrible internet connection.","Not bad, not great.","Negative"
"Overwhelmed with too many tasks.","Just another experience.","Negative"
"Boss criticized my performance harshly.","Staying focused on my goals.","Negative"
"Lost my notes before the test.","Not sure what to expect next.","Negative"
"Group members didn’t do their part.","Taking things as they come.","Negative"
"Worked overtime without recognition.","Trying to stay balanced.","Negative"
"Struggled with an unfamiliar task.","Will try to continue tomorrow.","Negative"
"Got a lower grade than expected.","Hope things improve.","Negative"
"Attended a work seminar today.","Everything wenr well.","Positive"
"Had a routine meeting with my team.","Not sure how I feel.","Neutral"
"Started reading a new book.","It was just another day.","Neutral"
"Had lunch with my colleagues.","Keeping things steady.","Neutral"
"Updated my resume.","Trying to stay positive.","Neutral"
"Reviewed my past assignments.","Nothing special happened.","Neutral"
"Organized my workspace.","Could have been worse.","Neutral"
"Read an interesting research article.","Just moving forward.","Neutral"
"Helped a student with homework.","Keeping up with my routine.","Neutral"
"Took a break from work.","Still thinking about it.","Neutral"
"Went through last semester’s notes.","It was an average day.","Neutral"
"Brainstormed ideas for a project.","Not bad, not great.","Neutral"
"Completed routine paperwork.","Just another experience.","Neutral"
"Prepared slides for a future presentation.","Staying focused on my goals.","Neutral"
"Checked my grades online.","Not sure what to expect next.","Neutral"
"Created a study schedule.","Taking things as they come.","Neutral"
"Went over my job responsibilities.","Trying to stay balanced.","Neutral"
"Had a casual conversation with my professor.","Looking forward to tomorrow.","Positive"
"Cleaned my inbox.","Hope things improve.","Neutral"
"Did some research on career options.","Feeling ok about it.","Neutral"
"Finished grading assignments.","Busy day but got things done.","Positive"
"Helped my friend prepare for an exam.","Feeling good about it.","Positive"
"Led a successful team meeting.","Glad things went well.","Positive"
"Received a thank-you email from my professor.","Nice to feel appreciated.","Positive"
"Got a perfect score on my test!","Worked really hard for it.","Positive"
"Had a productive brainstorming session.","Excited for what's next.","Positive"
"Published an article in a journal.","Feels like a big accomplishment.","Positive"
"Mentored a new team member.","Enjoyed sharing my knowledge.","Positive"
"Developed a new study technique.","Hope it helps in the long run.","Positive"
"Fixed a major bug in my code.","Finally figured it out!","Positive"
"Presented my research at a conference.","It was nerve-wracking but great.","Positive"
"Learned a new programming language.","Excited to use it in projects.","Positive"
"Had a great discussion with my professor.","Learned a lot today.","Positive"
"Started a side project.","Looking forward to completing it.","Positive"
"Won a scholarship!","All the hard work paid off.","Positive"
"Helped organize a student event.","Felt good to contribute.","Positive"
"Got positive feedback on my internship report.","Proud of my efforts.","Positive"
"Completed my first freelance project.","Excited to do more!","Positive"
"Led my team to a successful project completion.","Great collaboration!","Positive"
"Started my first day at a new job.","Exciting and a bit scary.","Positive"
"Missed an important work deadline.","Frustrated with myself.","Negative"
"Struggled to stay focused in class.","Just one of those days.","Negative"
"Got a low performance review at work.","Need to improve.","Negative"
"Lost an important document.","Feeling careless.","Negative"
"Got rejected from another job application.","Feeling hopeless.","Negative"
"Had a tough exam today.","Not confident about my answers.","Negative"
"Team meeting went badly.","Lots of miscommunication.","Negative"
"Boss ignored my concerns.","Feeling unheard.","Negative"
"Had to redo my entire report.","Wasted so much time.","Negative"
"Got stuck in traffic and was late.","Annoyed and stressed.","Negative"
"Struggled with an assignment all night.","Still didn’t get it right.","Negative"
"Had an argument with a colleague.","Hate workplace conflicts.","Negative"
"Received unfair criticism on my work.","Feeling demotivated.","Negative"
"Lost my wallet on the way to work.","A stressful morning.","Negative"
"Couldn't complete the coding task.","Feeling frustrated.","Negative"
"Had a terrible headache during class.","Couldn't focus at all.","Negative"
"Group project isn't progressing well.","Others aren’t contributing.","Negative"
"Didn't meet my study goals today.","Need to plan better.","Negative"
"Accidentally deleted important files.","Feeling stupid.","Negative"
"Professor didn't like my presentation.","Disappointed in myself.","Negative"
"Checked my emails and responded.","Just another normal day.","Neutral"
"Reorganized my bookshelf.","Felt nice but nothing special.","Neutral"
"Prepared a grocery list for the week.","Routine tasks done.","Neutral"
"Read a few pages of a book.","Relaxing but nothing noteworthy.","Neutral"
"Had a casual chat with a coworker.","It was alright.","Neutral"
"Reviewed last semester’s notes.","Good refresher but not exciting.","Neutral"
"Updated my LinkedIn profile.","Just something I needed to do.","Neutral"
"Cleaned up my desktop folders.","Looks more organized now.","Neutral"
"Watched a documentary about productivity.","Interesting but not life-changing.","Neutral"
"Looked up some job openings.","Nothing caught my eye yet.","Neutral"
"Started planning my next semester.","Feels structured but not exciting.","Neutral"
"Did some stretching after sitting too long.","A small break in the day.","Neutral"
"Updated my task list.","Good to have things in order.","Neutral"
"Had lunch at my desk.","Nothing special about it.","Neutral"
"Went over my calendar for next week.","Feeling prepared.","Neutral"
"Revised my daily schedule.","Hope it helps with productivity.","Neutral"
"Listened to a podcast while working.","Kept me company but nothing special.","Neutral"
"Checked my grades online.","Got the usual grades.","Neutral"
"Helped a friend move apartments.","Tiring but not too bad.","Neutral"
"Went grocery shopping.","Routine but necessary.","Neutral"
"Received a compliment on my work.","Made my day!","Positive"
"Finally understood a difficult concept.","Feels great to get it!","Positive"
"Had a fun team-building activity.","Enjoyed bonding with colleagues.","Positive"
"Completed a difficult coding challenge.","Proud of myself.","Positive"
"My article got published online.","Excited to see my work out there.","Positive"
"Won a small prize in a competition.","A nice surprise!","Positive"
"Successfully solved a customer issue.","Feels good to help.","Positive"
"Finished my to-do list for the day.","A productive day!","Positive"
"Got a call from an old friend.","Nice catching up.","Positive"
"Had a great workout session.","Feeling energized!","Positive"
"Got promoted to a higher position.","All my efforts paid off.","Positive"
"Completed my first project as a team leader.","A huge learning experience.","Positive"
"Had an inspiring conversation with a mentor.","Feeling motivated.","Positive"
"Helped someone with their career advice.","Feels great to be useful.","Positive"
"Received appreciation from my professor.","Made my efforts feel worth it.","Positive"
"Organized a successful community event.","Tiring but fulfilling.","Positive"
"Had a relaxing weekend with family.","Feeling refreshed.","Positive"
"Accomplished my fitness goal for the month.","Proud of my progress.","Positive"
"Got accepted into a training program.","Excited to learn more.","Positive"
"Made a breakthrough in my research.","This could lead to something great!","Positive"
"Missed an important meeting.","Feeling irresponsible.","Negative"
"Got criticized for my work in public.","Embarrassing and upsetting.","Negative"
"Had a rough day balancing tasks.","Feeling overwhelmed.","Negative"
"Struggled with my workload.","Wish I had more time.","Negative"
"Received negative feedback on my performance.","Need to work harder.","Negative"
"Had a falling out with a close friend.","Feeling upset.","Negative"
"Struggled to understand a concept.","Frustrating experience.","Negative"
"Lost an important document at work.","Very inconvenient.","Negative"
"Didn't get selected for a program I applied for.","Feeling discouraged.","Negative"
"Was late to an important appointment.","Frustrating start to the day.","Negative"
"Felt ignored during a team discussion.","Feeling unimportant.","Negative"
"Got an unfair grade on my assignment.","Feeling frustrated.","Negative"
"Missed my morning alarm and rushed to work.","A stressful start.","Negative"
"Had to redo my work due to a misunderstanding.","Annoying but necessary.","Negative"
"Got scammed while shopping online.","Very frustrating.","Negative"
"Internet was down when I needed it most.","Bad timing.","Negative"
"Professor didn't acknowledge my hard work.","Feeling unappreciated.","Negative"
"Didn't feel productive today.","Need to focus better.","Negative"
"Had to deal with an angry client.","Draining experience.","Negative"
"Struggled with my presentation in class.","Could have done better.","Negative"
"Watched a new TV show.","Nothing special, just passing time.","Neutral"
"Updated my daily planner.","A routine task.","Neutral"
"Had lunch at a new restaurant.","It was okay, nothing amazing.","Neutral"
"Listened to some music while working.","Nice background sound.","Neutral"
"Did some online shopping.","Nothing exciting, just necessities.","Neutral"
"Organized my study materials.","Feels a little better now.","Neutral"
"Reviewed some old notes.","A routine study session.","Neutral"
"Checked my emails.","Mostly just work updates.","Neutral"
"Looked through my bookshelf.","Found some books I forgot about.","Neutral"
"Made a grocery list.","Just something I had to do.","Neutral"
"Rearranged my desk space.","Looks better now.","Neutral"
"Had a video call with a friend.","Nice but nothing special.","Neutral"
"Reviewed my budget for the month.","Trying to stay on top of finances.","Neutral"
"Skimmed through a research paper.","Not much to take away from it.","Neutral"
"Did some meal prep for the week.","Good to be prepared.","Neutral"
"Wrote in my journal before bed.","A quiet end to the day.","Neutral"
"Checked the news in the morning.","Mostly routine updates.","Neutral"
"Updated some files on my computer.","Just some basic organization.","Neutral"
"Read through some work emails.","A normal start to the day.","Neutral"
"Did a short home workout.","Kept it light today.","Neutral"
"Got recognized for my hard work.","Feeling appreciated.","Positive"
"Helped a colleague solve a problem.","Feels good to contribute.","Positive"
"Received a thank-you note from a student.","Such a nice gesture.","Positive"
"Completed an online course.","Excited to learn new skills.","Positive"
"My team successfully launched a project.","Months of effort paid off.","Positive"
"Had a productive brainstorming session.","Lots of great ideas.","Positive"
"Passed an important certification exam.","Proud of my achievement.","Positive"
"Finished writing my thesis.","A major milestone!","Positive"
"Received positive feedback from a client.","Encouraging to hear.","Positive"
"Got invited to speak at a conference.","Feeling honored.","Positive"
"Had a great discussion in class.","Really engaging conversation.","Positive"
"Successfully organized a charity event.","Fulfilling experience.","Positive"
"My startup got its first customer.","A big moment for us.","Positive"
"Finished a difficult book.","A sense of accomplishment.","Positive"
"Managed to stay focused the whole day.","Feeling productive.","Positive"
"Had a peaceful walk in the park.","Nice to clear my mind.","Positive"
"Cooked a delicious meal for my family.","They loved it!","Positive"
"Got a surprise gift from a friend.","Such a thoughtful gesture.","Positive"
"Helped a stranger find their way.","Feels good to be kind.","Positive"
"Had a fun night out with friends.","Great way to unwind.","Positive"
"Got stuck in traffic for hours.","What a waste of time.","Negative"
"Spilled coffee on my laptop.","So frustrating.","Negative"
"Had an argument with a coworker.","Wish it didn’t happen.","Negative"
"Received a rejection email.","Feeling discouraged.","Negative"
"Struggled with a coding bug for hours.","Still no solution.","Negative"
"Missed my submission deadline.","Very disappointed in myself.","Negative"
"Had to cancel my weekend plans.","Feeling bummed.","Negative"
"Got ignored in a group discussion.","Felt left out.","Negative"
"Overwhelmed with too many assignments.","Need a break.","Negative"
"Had my wallet stolen.","A terrible experience.","Negative"
"Felt sick all day at work.","Couldn’t focus at all.","Negative"
"Made an embarrassing mistake in my presentation.","Wish I could redo it.","Negative"
"Got criticized harshly in a meeting.","Shaken by the feedback.","Negative"
"Forgot my best friend’s birthday.","Feeling really guilty.","Negative"
"Got locked out of my apartment.","What a disaster.","Negative"
"Had my credit card declined at checkout.","So embarrassing.","Negative"
"Missed an important phone call.","Really bad timing.","Negative"
"Struggled with insomnia last night.","Completely exhausted today.","Negative"
"Had to work overtime again.","No work-life balance.","Negative"
"Lost all my work due to a system crash.","Devastating.","Negative"
"Sorted through my emails.","Mostly spam and work messages.","Neutral"
"Did some light reading before bed.","Just a regular habit.","Neutral"
"Rearranged some furniture in my room.","A small change.","Neutral"
"Updated my resume.","Just keeping it up to date.","Neutral"
"Had a quick chat with a neighbor.","Nothing special.","Neutral"
"Checked my bank account balance.","Making sure everything's fine.","Neutral"
"Made a simple pasta dish for dinner.","Tasted okay.","Neutral"
"Scanned through the headlines.","Usual world news.","Neutral"
"Did some quick stretches.","Just a routine thing.","Neutral"
"Rewatched an old TV show.","Still enjoyable.","Neutral"
"Read through some random Wikipedia pages.","Learned a few things.","Neutral"
"Organized my bookshelf.","Looks neater now.","Neutral"
"Scanned some old photographs.","Nice memories.","Neutral"
"Adjusted the brightness on my screen.","It was too dim.","Neutral"
"Filled out some paperwork.","Just a boring task.","Neutral"
"Listened to a podcast while commuting.","Passed the time.","Neutral"
"Checked the weather forecast.","Looks like a normal day ahead.","Neutral"
"Scanned a few pages of a textbook.","Nothing too deep.","Neutral"
"Changed my phone wallpaper.","Felt like something new.","Neutral"
"Deleted some old files from my laptop.","Freed up some space.","Neutral"
"Refilled my water bottle.","Staying hydrated.","Neutral"
"Finally got a good night’s sleep.","Feeling refreshed.","Positive"
"My professor praised my research paper.","That made my day.","Positive"
"Scored full marks on my quiz.","All that studying paid off!","Positive"
"Had a fun game night with friends.","Great way to relax.","Positive"
"Completed my first 10K run.","Feeling accomplished.","Positive"
"Got promoted at work.","Hard work paid off!","Positive"
"My mentor gave me great career advice.","Feeling inspired.","Positive"
"Received a scholarship for my studies.","Such a relief!","Positive"
"Helped a friend move to a new house.","Exhausting but rewarding.","Positive"
"Finally learned how to solve a Rubik’s Cube.","Proud of myself.","Positive"
"Won a small prize in a competition.","Nice little surprise!","Positive"
"Started a new hobby today.","Excited to explore it.","Positive"
"Met an old friend after years.","So many memories!","Positive"
"Had a heartwarming conversation with my parents.","Feeling grateful.","Positive"
"Cooked a new recipe and it turned out great.","Delicious success!","Positive"
"Received an encouraging message from my boss.","Feeling valued.","Positive"
"Adopted a pet today.","Already in love!","Positive"
"Finished reading an entire book in a day.","A great story.","Positive"
"Had a good workout session.","Feeling strong and energetic.","Positive"
"Got my dream job offer.","A life-changing moment!","Positive"
"Lost my phone on the train.","Feeling panicked.","Negative"
"Forgot my umbrella and got drenched in the rain.","What a miserable day.","Negative"
"Missed my alarm and woke up late.","The worst way to start the day.","Negative"
"Had to retake my driving test.","So frustrating!","Negative"
"Accidentally sent an email to the wrong person.","Embarrassing mistake.","Negative"
"My laptop crashed while I was working.","Lost everything.","Negative"
"Stuck waiting in a long queue.","Wasting so much time.","Negative"
"Tripped and fell in front of everyone.","So humiliating.","Negative"
"Burned my dinner while cooking.","Guess I’ll just order food.","Negative"
"Had an intense headache all day.","Can’t focus on anything.","Negative"
"Got scammed online.","Feeling so stupid.","Negative"
"Received a bad grade on my exam.","Really disappointed.","Negative"
"Accidentally spilled water on my notes.","They’re ruined.","Negative"
"My internet went down during an important meeting.","Terrible timing.","Negative"
"Lost an important document.","Can’t find it anywhere.","Negative"
"Overheard someone talking behind my back.","That really hurt.","Negative"
"Had to cancel my weekend trip.","Really upset about it.","Negative"
"My headphones broke today.","Now I can’t listen to music.","Negative"
"Missed my bus and had to wait an hour.","Annoying!","Negative"
"Had an awkward silence in my presentation.","Wish I had prepared more.","Negative"
"Bought a new notebook.","Just adding to my collection.","Neutral"
"Watched a random documentary.","It was interesting.","Neutral"
"Did some light jogging in the morning.","Just part of my routine.","Neutral"
"Sent a few work emails.","Clearing up my inbox.","Neutral"
"Reorganized my desktop icons.","Looks neater now.","Positive"
"Downloaded a new app.","Not sure if I’ll use it much.","Neutral"
"Listened to an old favorite song.","Still sounds great.","Positive"
"Set a reminder for an appointment.","Hope I don’t forget.","Neutral"
"Unsubscribed from some email lists.","Clearing up my inbox.","Neutral"
"Switched to a new phone case.","Looks different.","Neutral"
"Added a new bookmark in my browser.","Might read it later.","Neutral"
"Rearranged my desk setup.","Feels more comfortable.","Neutral"
"Checked my battery percentage.","Still enough charge.","Neutral"
"Found an old childhood photo album.","Brought back so many memories.","Positive"
"Received an unexpected bonus at work.","Such a pleasant surprise!","Positive"
"Made a new friend at the gym.","Excited to have a workout buddy.","Positive"
"Had an amazing homemade meal.","Nothing beats home-cooked food.","Positive"
"Finally finished a difficult puzzle.","That was so satisfying!","Positive"
"Had a great time at the amusement park.","The roller coasters were awesome!","Positive"
"Got an A on my final project.","All my hard work paid off!","Positive"
"Won a friendly bet with my best friend.","Feels good to win!","Positive"
"My plants are growing so well.","They look so healthy!","Positive"
"Had a deep conversation with my sibling.","Really strengthened our bond.","Positive"
"Got complimented on my outfit today.","Made me feel so confident.","Positive"
"Met a celebrity at the coffee shop.","I was so starstruck!","Positive"
"Surprised my parents with a visit.","They were so happy!","Positive"
"Cooked dinner for my family.","Everyone loved it!","Positive"
"Witnessed a beautiful sunset at the beach.","Nature is amazing.","Positive"
"Finally reached my fitness goal.","Feeling so accomplished!","Positive"
"Got a free coffee at my favorite café.","Small things make me happy.","Positive"
"Had a relaxing day with no work stress.","Much-needed break.","Positive"
"Received a thank-you note from a coworker.","Made my day!","Positive"
"Started a new DIY project.","Feeling creative.","Positive"
"Lost my house keys.","Had to call a locksmith.","Negative"
"Spilled coffee on my laptop.","Hope it still works.","Negative"
"Missed an important deadline.","Feeling overwhelmed.","Negative"
"Forgot to charge my phone overnight.","Now it’s dead.","Negative"
"Got stuck in an elevator for 10 minutes.","Terrifying experience.","Negative"
"Stepped on a piece of gum.","So annoying.","Negative"
"Left my wallet at home.","Had to go back to get it.","Negative"
"Ordered food but it arrived cold.","Disappointing meal.","Negative"
"Had a miscommunication with a friend.","Now things feel awkward.","Negative"
"My new shoes gave me blisters.","Regretting my purchase.","Negative"
"Had to redo an entire project due to a mistake.","Frustrating!","Negative"
"My package got lost in transit.","Customer service isn’t helping.","Negative"
"Accidentally liked an old post while scrolling.","So embarrassing.","Negative"
"Struggled with my internet connection all day.","Made work difficult.","Negative"
"Received a parking ticket.","Such a waste of money.","Negative"
"Left my windows open during the rain.","Now everything is wet.","Negative"
"Got into an argument with a coworker.","Not a great day.","Negative"
"My train got canceled last minute.","Had to rearrange my plans.","Negative"
"Had to sit through a really boring meeting.","Time felt like it stopped.","Negative"
"Burned my hand while cooking.","Painful experience.","Negative"
"Got an unexpected call from an old classmate.","It was nice to catch up.","Neutral"
"Downloaded a new e-book.","Will read it later.","Neutral"
"Organized my bookshelf today.","Looks much better now.","Neutral"
"Checked the weather for tomorrow.","Looks like it’ll be sunny.","Neutral"
"Tried a different route to work.","Didn’t make much of a difference.","Neutral"
"Switched to a new messaging app.","Still getting used to it.","Neutral"
"Read a few pages of a novel.","Might continue it later.","Neutral"
"Checked my bank statement.","Everything looks normal.","Neutral"
"Watched an episode of a random show.","It was okay.","Neutral"
"Got a notification about an update.","Will install it later.","Neutral"
"Did some stretching before bed.","Felt good.","Neutral"
"Received a flyer for a local event.","Not sure if I’ll go.","Neutral"
"Tidied up my workspace a bit.","Feels slightly better.","Neutral"
"Changed the wallpaper on my phone.","Nice change of scenery.","Neutral"
"Switched to a new brand of coffee.","Tastes slightly different.","Neutral"
"Scanned through a few emails.","Nothing urgent.","Neutral"
"Deleted some old apps from my phone.","Freeing up space.","Neutral"
"Received a reminder for my dentist appointment.","Still a week away.","Neutral"
"Adjusted my chair settings.","Feels a bit more comfortable now.","Neutral"
"Added a few items to my shopping list.","Will buy them later.","Neutral"
"Checked my daily step count.","Not too bad.","Neutral"
"Downloaded a new font for my project.","Will test it out.","Neutral"
"Rearranged the icons on my phone.","Needed a change.","Neutral"
"Updated my playlist with new songs.","Will listen to them later.","Neutral"
"Switched to a different alarm tone.","Hope it wakes me up on time.","Neutral"
"Organized my email folders.","Now things are easier to find.","Neutral"
"Set a new wallpaper on my computer.","Looks fresh.","Neutral"
"Rearranged my desk setup.","Trying something new.","Neutral"
"Made a to-do list for the week.","Hope I stick to it.","Neutral"
"Skimmed through the news headlines.","Nothing too interesting.","Neutral"
"Read some online reviews for a product.","Still unsure if I’ll buy it.","Neutral"
"Sorted through my files.","Deleted some old ones.","Neutral"
"Looked up a recipe but didn’t try it yet.","Maybe another day.","Neutral"
"Checked my notifications.","Nothing important.","Neutral"
"Rewatched a few movie clips.","Still enjoyable.","Neutral"
"Tested a new pen I got.","Writes smoothly.","Neutral"
"Looked up movie showtimes but didn’t book.","Not sure what to watch yet.","Neutral"
"Received a package in the mail.","Nothing exciting, just essentials.","Neutral"
"Reorganized my wardrobe.","Made some space.","Neutral"
"Listened to a podcast episode.","It was alright.","Neutral"
"Adjusted my screen brightness.","Now it’s more comfortable.","Neutral"
"Scanned some documents.","Just routine work.","Neutral"
"Checked my travel itinerary.","Everything seems in order.","Neutral"
"Watched some YouTube tutorials.","Might try them later.","Neutral"
"Updated my work calendar.","A few meetings coming up.","Neutral"
"Tested out a new app feature.","Not sure if I’ll use it often.","Neutral"
"Revisited an old website I used to browse.","Some nostalgia.","Neutral"
"Looked at some travel deals online.","Just browsing for now.","Neutral"
"Checked my savings account balance.","Slowly growing.","Neutral"
"Refilled my water bottle.","Staying hydrated.","Neutral"
"Updated my passwords for security.","A good habit.","Neutral"
"Checked my internet speed.","Seems normal.","Neutral"
"Scanned a QR code for a website.","Just curiosity.","Neutral"
"Sorted through my social media feed.","Mostly the usual posts.","Neutral"
"Rewatched an old advertisement.","Still funny.","Neutral"
"Skimmed through a research paper.","Might read it fully later.","Neutral"
"Tested different volume levels on my headphones.","Finding the right balance.","Neutral"
"Changed my default browser settings.","Needed a tweak.","Neutral"
"Watched a short documentary.","Informative but not mind-blowing.","Neutral"
"Checked an old chat conversation.","Remembering past discussions.","Neutral"
"Scrolled through an online store.","Didn’t buy anything.","Neutral"
"Spilled soup on my shirt during lunch.","Now I have a stain.","Negative"
"Forgot my umbrella and got caught in the rain.","Completely soaked.","Negative"
"Accidentally sent a message to the wrong person.","So embarrassing.","Negative"
"Missed my alarm and woke up late.","Had to rush everything.","Negative"
"Got a headache from staring at my screen too long.","Need a break.","Negative"
"Accidentally locked myself out of my car.","Had to call for help.","Negative"
"Stepped in a puddle with my socks on.","Worst feeling ever.","Negative"
"Ordered food and got the wrong item.","Now I have to wait again.","Negative"
"Lost an important document at work.","Feeling stressed.","Negative"
"Someone cut in line ahead of me.","So rude.","Negative"
"Had to pay extra fees I wasn’t expecting.","Unpleasant surprise.","Negative"
"Accidentally left my groceries in the car overnight.","Now they’re spoiled.","Negative"
"Spent all day on a project, only for my computer to crash.","So frustrating!","Negative"
"Read an article about an interesting topic.","Might look into it more.","Neutral"
"Checked the bus schedule for tomorrow.","Seems convenient.","Neutral"
"Updated my phone’s software.","Hope it runs smoother now.","Neutral"
"Watched a few minutes of a random TV show.","Might continue later.","Neutral"
"Switched to a new brand of tea.","Tastes a bit different.","Neutral"
"Read a quote that made me think.","Something to reflect on.","Neutral"
"Rearranged my desktop icons.","Just a small change.","Neutral"
"Added an event to my calendar.","Have to remember it.","Neutral"
"Tested a new recipe but didn’t taste it yet.","Will try later.","Neutral"
"Scanned through some old notes.","Might be useful.","Neutral"